80697604,20345,Somatochlora ozarkensis,1,1,1,OdonataCentral,2017,"Abbott, J.C. 2006-2017. OdonataCentral: An online resource for the distribution and identification of Odonata.",Extant (resident), , ,, , ,Odonata Central,,2011,-94.68710327,34.39670181
80685315,63400,Phanogomphus westfalli,1,1,1,OdonataCentral,2017,"Abbott, J.C. 2006-2017. OdonataCentral: An online resource for the distribution and identification of Odonata.",Extant (resident), , , , , ,Odonata Central,,2003,-86.51467,30.56014
125536549,9311,Phanogomphus hodgesi,1,1,1,OdonataCentral,2017,OdonataCentral,Extant (resident),,, J.C. 2006-2017. OdonataCentral: An online resource for the distribution and identification of Odonata.,,,Abbott,,2017,-86.87864,30.71201
80683958,50969065,Cordulegaster sarracenia,1,1,1,OdonataCentral,2018,"Abbott, J.C. 2006-2017. OdonataCentral: An online resource for the distribution and identification of Odonata.",Extant (resident), , , , , ,Odonata Central,,2017,-92.59759,31.22667
80695216,9312,Phanogomphus sandrius,1,1,1,OdonataCentral,2017,"Abbott, J.C. 2006-2017. OdonataCentral: An online resource for the distribution and identification of Odonata.",Extant (resident), , , , , ,Odonata Central,,2012,-86.85558,35.64264
80683958,50969065,Cordulegaster sarracenia,1,1,1,OdonataCentral,2018,"Abbott, J.C. 2006-2017. OdonataCentral: An online resource for the distribution and identification of Odonata.",Extant (resident), , , , , ,Odonata Central,,2011,-94.2839,31.05983
80685315,63400,Phanogomphus westfalli,1,1,1,OdonataCentral,2017,"Abbott, J.C. 2006-2017. OdonataCentral: An online resource for the distribution and identification of Odonata.",Extant (resident), , , , , ,Odonata Central,,1974,-87.01638,30.69603
80679783,11929,Libellula jesseana,1,1,1,OdonataCentral,2018,"Abbott, J.C. 2006-2017. OdonataCentral: An online resource for the distribution and identification of Odonata.",Extant (resident), , , , , ,Odonata Central,,2010,-85.58348,30.42603
125536549,9311,Phanogomphus hodgesi,1,1,1,OdonataCentral,2017,OdonataCentral,Extant (resident),,, J.C. 2006-2017. OdonataCentral: An online resource for the distribution and identification of Odonata.,,,Abbott,,2012,-87.44016,30.69076
80697604,20345,Somatochlora ozarkensis,1,1,1,OdonataCentral,2017,"Abbott, J.C. 2006-2017. OdonataCentral: An online resource for the distribution and identification of Odonata.",Extant (resident), , ,, , ,Odonata Central,,2009,-98.59619904,34.70249939
166771508,164045835,Photuris mysticalampas,1,1,1,"Fallon, C.",2020,IUCN,Extant (resident), ,<NULL>,<NULL>,,<NULL>,"GBIF, 2020",PreservedSpecimen,2011,-75.6767,38.5633
166771223,164012501,Bicellonycha wickershamorum,1,1,1,"Fallon, C.",2020,IUCN,Extant (resident), ,<NULL>,Empire Gulch. <NULL>,,<NULL>,C. Mollohan unpublished data,PreservedSpecimen,2020,-110.633852,31.787637
80685315,63400,Phanogomphus westfalli,1,1,1,OdonataCentral,2017,"Abbott, J.C. 2006-2017. OdonataCentral: An online resource for the distribution and identification of Odonata.",Extant (resident), , , , , ,Odonata Central,,2003,-86.80333,30.73647
80697604,20345,Somatochlora ozarkensis,1,1,1,OdonataCentral,2017,"Abbott, J.C. 2006-2017. OdonataCentral: An online resource for the distribution and identification of Odonata.",Extant (resident), , ,, , ,Odonata Central,,2016,-96.25469971,36.13769913
80686432,63223,Ophiogomphus australis,1,1,1,OdonataCentral,2018,"Abbott, J.C. 2006-2017. OdonataCentral: An online resource for the distribution and identification of Odonata.",Extant (resident), , , , , ,Odonata Central,,2016,-89.89,30.94333
80697604,20345,Somatochlora ozarkensis,1,1,1,OdonataCentral,2017,"Abbott, J.C. 2006-2017. OdonataCentral: An online resource for the distribution and identification of Odonata.",Extant (resident), , ,, , ,Odonata Central,,2007,-94.76629639,34.11320114
80697604,20345,Somatochlora ozarkensis,1,1,1,OdonataCentral,2017,"Abbott, J.C. 2006-2017. OdonataCentral: An online resource for the distribution and identification of Odonata.",Extant (resident), , ,, , ,Odonata Central,,2008,-94.88410187,34.18170166
80696438,14485,Nehalennia pallidula,1,1,1,OdonataCentral,2017,"Abbott, J.C. 2006-2017. OdonataCentral: An online resource for the distribution and identification of Odonata.",Extant (resident), , ,, , ,Odonata Central,,2014,-80.2766037,26.06850052
80697604,20345,Somatochlora ozarkensis,1,1,1,OdonataCentral,2017,"Abbott, J.C. 2006-2017. OdonataCentral: An online resource for the distribution and identification of Odonata.",Extant (resident), , ,, , ,Odonata Central,,2008,-94.89450073,34.16049957
80679620,10858,Ischnura gemina,1,1,1,OdonataCentral,2018,"Abbott, J.C. 2006-2017. OdonataCentral: An online resource for the distribution and identification of Odonata.",Extant (resident), , , , , ,Odonata Central,,1999,-122.3307,37.58525
80694914,59736,Leptobasis melinogaster,1,1,1,OdonataCentral,2018,"Abbott, J.C. 2006-2017. OdonataCentral: An online resource for the distribution and identification of Odonata.",Extant (resident), , , , , ,Odonata Central,,2004,-97.975,27.541
166771468,164045636,Photuris walldoxeyi,1,1,1,"Walker, A.",2020,IUCN,Extant (resident), ,NA,NA,,NA,"Faust and Davis, 2019", ,2017,-89.465717,34.664781
166771468,164045636,Photuris walldoxeyi,1,1,1,"Walker, A.",2020,IUCN,Extant (resident), ,NA,NA,,NA,"Faust and Davis, 2019", ,2018,-89.64156,34.937117
80697604,20345,Somatochlora ozarkensis,1,1,1,OdonataCentral,2017,"Abbott, J.C. 2006-2017. OdonataCentral: An online resource for the distribution and identification of Odonata.",Extant (resident), , ,, , ,Odonata Central,,2011,-94.68000031,34.1310997
80697604,20345,Somatochlora ozarkensis,1,1,1,OdonataCentral,2017,"Abbott, J.C. 2006-2017. OdonataCentral: An online resource for the distribution and identification of Odonata.",Extant (resident), , ,, , ,Odonata Central,,2011,-94.68599701,34.39640045
166771508,164045835,Photuris mysticalampas,1,1,1,"Fallon, C.",2020,IUCN,Extant (resident), , ,"",,"","Heckscher, 2013", ,2011,-75.24278546,38.83525628
80696438,14485,Nehalennia pallidula,1,1,1,OdonataCentral,2017,"Abbott, J.C. 2006-2017. OdonataCentral: An online resource for the distribution and identification of Odonata.",Extant (resident), , ,, , ,Odonata Central,,2015,-80.61039734,25.38349915
166771333,164015739,Lucidota luteicollis,1,1,1,"Fallon, C.",2020,IUCN,Extant (resident), ,<NULL>,<NULL>,,<NULL>,"BugGuide, 2020",<NULL>,2019,-81.869138,29.273983
80694914,59736,Leptobasis melinogaster,1,1,1,OdonataCentral,2018,"Abbott, J.C. 2006-2017. OdonataCentral: An online resource for the distribution and identification of Odonata.",Extant (resident), , , , , ,Odonata Central,,2009,-99.75277,28.55015
80685315,63400,Phanogomphus westfalli,1,1,1,OdonataCentral,2017,"Abbott, J.C. 2006-2017. OdonataCentral: An online resource for the distribution and identification of Odonata.",Extant (resident), , , , , ,Odonata Central,,2016,-86.74579,30.71575
80694914,59736,Leptobasis melinogaster,1,1,1,OdonataCentral,2018,"Abbott, J.C. 2006-2017. OdonataCentral: An online resource for the distribution and identification of Odonata.",Extant (resident), , , , , ,Odonata Central,,2008,-97.41916,25.84776
166771368,164044862,Pyractomena ecostata,6,1,1,"Walker, A.",2020,IUCN,Presence Uncertain, ,NA,NA,,NA,"GBIF, 2020",PRESERVED_SPECIMEN,1964,-74.794888,39.018724
80697604,20345,Somatochlora ozarkensis,1,1,1,OdonataCentral,2017,"Abbott, J.C. 2006-2017. OdonataCentral: An online resource for the distribution and identification of Odonata.",Extant (resident), , ,, , ,Odonata Central,,2014,-94.74160004,34.79299927
80679783,11929,Libellula jesseana,1,1,1,OdonataCentral,2018,"Abbott, J.C. 2006-2017. OdonataCentral: An online resource for the distribution and identification of Odonata.",Extant (resident), , , , , ,Odonata Central,,1975,-81.74038,29.60527
80694914,59736,Leptobasis melinogaster,1,1,1,OdonataCentral,2018,"Abbott, J.C. 2006-2017. OdonataCentral: An online resource for the distribution and identification of Odonata.",Extant (resident), , , , , ,Odonata Central,,2009,-98.14011,26.08022
80683958,50969065,Cordulegaster sarracenia,1,1,1,OdonataCentral,2018,"Abbott, J.C. 2006-2017. OdonataCentral: An online resource for the distribution and identification of Odonata.",Extant (resident), , , , , ,Odonata Central,,2010,-94.27939,31.0639
166771808,164076824,Photinus dimissus,6,1,1,"Walker, A.",2020,IUCN,Presence Uncertain, , ,"",,"","GBIF, 2020",PreservedSpecimen,0,-98.810547,31.610492
80683958,50969065,Cordulegaster sarracenia,1,1,1,OdonataCentral,2018,"Abbott, J.C. 2006-2017. OdonataCentral: An online resource for the distribution and identification of Odonata.",Extant (resident), , , , , ,Odonata Central,,2010,-94.27697,31.07162
176824979,15362,Ophiogomphus acuminatus,1,1,1,OdonataCentral,2018,"Abbott, J.C. 2006-2017. OdonataCentral: An online resource for the distribution and identification of Odonata.",Extant (resident), , , , , ,Odonata Central,,2012,-87.28774,36.0959
80695216,9312,Phanogomphus sandrius,1,1,1,OdonataCentral,2017,"Abbott, J.C. 2006-2017. OdonataCentral: An online resource for the distribution and identification of Odonata.",Extant (resident), , , , , ,Odonata Central,,2016,-86.4221,35.8101
166771169,13374,Micronaspis floridana,1,1,1,"Fallon, C.",2020,IUCN,Extant (resident), , ,"",,"","Faust, 2017",HumanObservation,0,-81.05537648,28.73027447
80683958,50969065,Cordulegaster sarracenia,1,1,1,OdonataCentral,2018,"Abbott, J.C. 2006-2017. OdonataCentral: An online resource for the distribution and identification of Odonata.",Extant (resident), , , , , ,Odonata Central,,2012,-93.07442,31.483
80679620,10858,Ischnura gemina,1,1,1,OdonataCentral,2018,"Abbott, J.C. 2006-2017. OdonataCentral: An online resource for the distribution and identification of Odonata.",Extant (resident), , , , , ,Odonata Central,,2003,-122.97014,38.30805
125536549,9311,Phanogomphus hodgesi,1,1,1,OdonataCentral,2017,OdonataCentral,Extant (resident),,, J.C. 2006-2017. OdonataCentral: An online resource for the distribution and identification of Odonata.,,,Abbott,,2007,-88.9289,30.7385
125536549,9311,Phanogomphus hodgesi,1,1,1,OdonataCentral,2017,OdonataCentral,Extant (resident),,, J.C. 2006-2017. OdonataCentral: An online resource for the distribution and identification of Odonata.,,,Abbott,,1985,-85.24223,29.90015
166771808,164076824,Photinus dimissus,6,1,1,"Walker, A.",2020,IUCN,Presence Uncertain, , ,"",,"","BugGuide, 2020",Observation,1974,-97.51686,28.01334
80696438,14485,Nehalennia pallidula,1,1,1,OdonataCentral,2017,"Abbott, J.C. 2006-2017. OdonataCentral: An online resource for the distribution and identification of Odonata.",Extant (resident), , ,, , ,Odonata Central,,2015,-80.61160278,25.38069916
80697604,20345,Somatochlora ozarkensis,1,1,1,OdonataCentral,2017,"Abbott, J.C. 2006-2017. OdonataCentral: An online resource for the distribution and identification of Odonata.",Extant (resident), , ,, , ,Odonata Central,,2003,-93.14009857,35.60480118
80686432,63223,Ophiogomphus australis,1,1,1,OdonataCentral,2018,"Abbott, J.C. 2006-2017. OdonataCentral: An online resource for the distribution and identification of Odonata.",Extant (resident), , , , , ,Odonata Central,,1987,-90.39998,31.17551
166771808,164076824,Photinus dimissus,1,1,1,"Walker, A.",2020,IUCN,Extant (resident), , ,"Stewart Property, Bee Cave",,"","B. Pfeiffer pers. obs., 2018",Observation,2018,-97.964349,30.30312
125536549,9311,Phanogomphus hodgesi,1,1,1,OdonataCentral,2017,OdonataCentral,Extant (resident),,, J.C. 2006-2017. OdonataCentral: An online resource for the distribution and identification of Odonata.,,,Abbott,,2016,-86.80255,30.72956
80696438,14485,Nehalennia pallidula,1,1,1,OdonataCentral,2017,"Abbott, J.C. 2006-2017. OdonataCentral: An online resource for the distribution and identification of Odonata.",Extant (resident), , ,, , ,Odonata Central,,2015,-81.09570313,25.82740021
80696438,14485,Nehalennia pallidula,1,1,1,OdonataCentral,2017,"Abbott, J.C. 2006-2017. OdonataCentral: An online resource for the distribution and identification of Odonata.",Extant (resident), , ,, , ,Odonata Central,,2014,-80.21330261,26.49839973
80679620,10858,Ischnura gemina,1,1,1,OdonataCentral,2018,"Abbott, J.C. 2006-2017. OdonataCentral: An online resource for the distribution and identification of Odonata.",Extant (resident), , , , , ,Odonata Central,,2007,-122.80863,38.37651
80679620,10858,Ischnura gemina,1,1,1,OdonataCentral,2018,"Abbott, J.C. 2006-2017. OdonataCentral: An online resource for the distribution and identification of Odonata.",Extant (resident), , , , , ,Odonata Central,,2009,-122.47723,37.8096
80683958,50969065,Cordulegaster sarracenia,1,1,1,OdonataCentral,2018,"Abbott, J.C. 2006-2017. OdonataCentral: An online resource for the distribution and identification of Odonata.",Extant (resident), , , , , ,Odonata Central,,2010,-94.27974,31.07361
125536549,9311,Phanogomphus hodgesi,1,1,1,OdonataCentral,2017,OdonataCentral,Extant (resident),,, J.C. 2006-2017. OdonataCentral: An online resource for the distribution and identification of Odonata.,,,Abbott,,2016,-87.6836,30.40659
80679783,11929,Libellula jesseana,1,1,1,OdonataCentral,2018,"Abbott, J.C. 2006-2017. OdonataCentral: An online resource for the distribution and identification of Odonata.",Extant (resident), , , , , ,Odonata Central,,1974,-81.74038,29.60527
80683958,50969065,Cordulegaster sarracenia,1,1,1,OdonataCentral,2018,"Abbott, J.C. 2006-2017. OdonataCentral: An online resource for the distribution and identification of Odonata.",Extant (resident), , , , , ,Odonata Central,,2011,-94.27988,31.06311
166771468,164045636,Photuris walldoxeyi,1,1,1,"Walker, A.",2020,IUCN,Extant (resident), ,NA,NA,,NA,"L. Faust pers. comm., 2020", ,2019,-86.578567,39.277048
80694914,59736,Leptobasis melinogaster,1,1,1,OdonataCentral,2018,"Abbott, J.C. 2006-2017. OdonataCentral: An online resource for the distribution and identification of Odonata.",Extant (resident), , , , , ,Odonata Central,,2008,-97.4192,25.8478
80696438,14485,Nehalennia pallidula,1,1,1,OdonataCentral,2017,"Abbott, J.C. 2006-2017. OdonataCentral: An online resource for the distribution and identification of Odonata.",Extant (resident), , ,, , ,Odonata Central,,2011,-80.32379913,25.7269001
80694914,59736,Leptobasis melinogaster,1,1,1,OdonataCentral,2018,"Abbott, J.C. 2006-2017. OdonataCentral: An online resource for the distribution and identification of Odonata.",Extant (resident), , , , , ,Odonata Central,,2014,-103.4673,29.4921
166771169,13374,Micronaspis floridana,6,1,1,"Fallon, C.",2020,IUCN,Presence Uncertain, , ,"",,"","Faust, 2017",HumanObservation,0,-82.53064231,27.8379766
176824979,15362,Ophiogomphus acuminatus,1,1,1,OdonataCentral,2018,"Abbott, J.C. 2006-2017. OdonataCentral: An online resource for the distribution and identification of Odonata.",Extant (resident), , , , , ,Odonata Central,,2011,-87.74145,36.00148
80697604,20345,Somatochlora ozarkensis,1,1,1,OdonataCentral,2017,"Abbott, J.C. 2006-2017. OdonataCentral: An online resource for the distribution and identification of Odonata.",Extant (resident), , ,, , ,Odonata Central,,2006,-96.04239655,36.72940063
80697604,20345,Somatochlora ozarkensis,1,1,1,OdonataCentral,2017,"Abbott, J.C. 2006-2017. OdonataCentral: An online resource for the distribution and identification of Odonata.",Extant (resident), , ,, , ,Odonata Central,,2007,-94.68399811,34.39759827
80683958,50969065,Cordulegaster sarracenia,1,1,1,OdonataCentral,2018,"Abbott, J.C. 2006-2017. OdonataCentral: An online resource for the distribution and identification of Odonata.",Extant (resident), , , , , ,Odonata Central,,2011,-93.07622,31.48323
80697604,20345,Somatochlora ozarkensis,1,1,1,OdonataCentral,2017,"Abbott, J.C. 2006-2017. OdonataCentral: An online resource for the distribution and identification of Odonata.",Extant (resident), , ,, , ,Odonata Central,,2009,-94.63279724,34.0788002
125536549,9311,Phanogomphus hodgesi,1,1,1,OdonataCentral,2017,OdonataCentral,Extant (resident),,, J.C. 2006-2017. OdonataCentral: An online resource for the distribution and identification of Odonata.,,,Abbott,,1979,-86.17081,30.61452
80696438,14485,Nehalennia pallidula,1,1,1,OdonataCentral,2017,"Abbott, J.C. 2006-2017. OdonataCentral: An online resource for the distribution and identification of Odonata.",Extant (resident), , ,, , ,Odonata Central,,1989,-80.50209808,25.60639954
80679783,11929,Libellula jesseana,1,1,1,OdonataCentral,2018,"Abbott, J.C. 2006-2017. OdonataCentral: An online resource for the distribution and identification of Odonata.",Extant (resident), , , , , ,Odonata Central,,2014,-81.67425,29.10363
80697604,20345,Somatochlora ozarkensis,1,1,1,OdonataCentral,2017,"Abbott, J.C. 2006-2017. OdonataCentral: An online resource for the distribution and identification of Odonata.",Extant (resident), , ,, , ,Odonata Central,,2015,-91.83319855,35.50120163
80685315,63400,Phanogomphus westfalli,1,1,1,OdonataCentral,2017,"Abbott, J.C. 2006-2017. OdonataCentral: An online resource for the distribution and identification of Odonata.",Extant (resident), , , , , ,Odonata Central,,2003,-86.53656,30.56178
125536549,9311,Phanogomphus hodgesi,1,1,1,OdonataCentral,2017,OdonataCentral,Extant (resident),,, J.C. 2006-2017. OdonataCentral: An online resource for the distribution and identification of Odonata.,,,Abbott,,,-89.47208,30.38916
80686432,63223,Ophiogomphus australis,1,1,1,OdonataCentral,2018,"Abbott, J.C. 2006-2017. OdonataCentral: An online resource for the distribution and identification of Odonata.",Extant (resident), , , , , ,Odonata Central,,2015,-89.90767,30.94869
166771468,164045636,Photuris walldoxeyi,1,1,1,"Walker, A.",2020,IUCN,Extant (resident), ,NA,NA,,NA,"L. Faust pers. comm., 2020", ,2019,-88.950038,37.366984
166771333,164015739,Lucidota luteicollis,1,1,1,"Fallon, C.",2020,IUCN,Extant (resident), ,<NULL>,<NULL>,,<NULL>,"BugGuide, 2020",<NULL>,2007,-81.352017,27.181438
80696262,21118,Stylurus potulentus,1,1,1,OdonataCentral,2018,"Abbott, J.C. 2006-2017. OdonataCentral: An online resource for the distribution and identification of Odonata.",Extant (resident), , , , , ,Odonata Central,,0,-88.64272,30.86644
80685315,63400,Phanogomphus westfalli,1,1,1,OdonataCentral,2017,"Abbott, J.C. 2006-2017. OdonataCentral: An online resource for the distribution and identification of Odonata.",Extant (resident), , , , , ,Odonata Central,,2017,-86.93617,30.86863
80683958,50969065,Cordulegaster sarracenia,1,1,1,OdonataCentral,2018,"Abbott, J.C. 2006-2017. OdonataCentral: An online resource for the distribution and identification of Odonata.",Extant (resident), , , , , ,Odonata Central,,2011,-93.0751,31.4831
80683958,50969065,Cordulegaster sarracenia,1,1,1,OdonataCentral,2018,"Abbott, J.C. 2006-2017. OdonataCentral: An online resource for the distribution and identification of Odonata.",Extant (resident), , , , , ,Odonata Central,,2010,-95.88893,31.98289
80697604,20345,Somatochlora ozarkensis,1,1,1,OdonataCentral,2017,"Abbott, J.C. 2006-2017. OdonataCentral: An online resource for the distribution and identification of Odonata.",Extant (resident), , ,, , ,Odonata Central,,2015,-94.69300079,34.39149857
80696915,15365,Ophiogomphus edmundo,1,1,1,OdonataCentral,2018,"Abbott, J.C. 2006-2017. OdonataCentral: An online resource for the distribution and identification of Odonata.",Extant (resident), , , , , ,Odonata Central,,1999,-84.51554,35.12632
166771808,164076824,Photinus dimissus,6,1,1,"Walker, A.",2020,IUCN,Presence Uncertain, , ,"",,"","GBIF, 2020",PreservedSpecimen,0,-97.052764,30.316045
166771333,164015739,Lucidota luteicollis,6,1,1,"Fallon, C.",2020,IUCN,Presence Uncertain, ,<NULL>,<NULL>,,<NULL>,"LeConte, 1868",<NULL>,0,-82.094882,28.811996
80686432,63223,Ophiogomphus australis,1,1,1,OdonataCentral,2018,"Abbott, J.C. 2006-2017. OdonataCentral: An online resource for the distribution and identification of Odonata.",Extant (resident), , , , , ,Odonata Central,,2012,-87.44034,30.68992
80696438,14485,Nehalennia pallidula,1,1,1,OdonataCentral,2017,"Abbott, J.C. 2006-2017. OdonataCentral: An online resource for the distribution and identification of Odonata.",Extant (resident), , ,, , ,Odonata Central,,2015,-80.78379822,25.44099998
166771169,13374,Micronaspis floridana,6,1,1,"Fallon, C.",2020,IUCN,Presence Uncertain, ,<NULL>,<NULL>,,<NULL>,"GBIF, 2020",HumanObservation,1991,-80.49905,25.610495
80679783,11929,Libellula jesseana,1,1,1,OdonataCentral,2018,"Abbott, J.C. 2006-2017. OdonataCentral: An online resource for the distribution and identification of Odonata.",Extant (resident), , , , , ,Odonata Central,,1986,-81.85794,29.97676
166771333,164015739,Lucidota luteicollis,1,1,1,"Fallon, C.",2020,IUCN,Extant (resident), ,<NULL>,<NULL>,,<NULL>,"BugGuide, 2020",<NULL>,2018,-81.352017,27.181438
80685315,63400,Phanogomphus westfalli,1,1,1,OdonataCentral,2017,"Abbott, J.C. 2006-2017. OdonataCentral: An online resource for the distribution and identification of Odonata.",Extant (resident), , , , , ,Odonata Central,,1981,-87.01638,30.69603
80686432,63223,Ophiogomphus australis,1,1,1,OdonataCentral,2018,"Abbott, J.C. 2006-2017. OdonataCentral: An online resource for the distribution and identification of Odonata.",Extant (resident), , , , , ,Odonata Central,,2013,-87.4984,30.7273
166771808,164076824,Photinus dimissus,6,1,1,"Walker, A.",2020,IUCN,Presence Uncertain, , ,"",,"","GBIF, 2020",PreservedSpecimen,1914,-96.740749,32.829227
80695216,9312,Phanogomphus sandrius,1,1,1,OdonataCentral,2017,"Abbott, J.C. 2006-2017. OdonataCentral: An online resource for the distribution and identification of Odonata.",Extant (resident), , , , , ,Odonata Central,,1983,-86.45805,35.51376
80683958,50969065,Cordulegaster sarracenia,1,1,1,OdonataCentral,2018,"Abbott, J.C. 2006-2017. OdonataCentral: An online resource for the distribution and identification of Odonata.",Extant (resident), , , , , ,Odonata Central,,2017,-92.61579,31.2377
80686432,63223,Ophiogomphus australis,1,1,1,OdonataCentral,2018,"Abbott, J.C. 2006-2017. OdonataCentral: An online resource for the distribution and identification of Odonata.",Extant (resident), , , , , ,Odonata Central,,1987,-90.04154,30.85203
80696915,15365,Ophiogomphus edmundo,1,1,1,OdonataCentral,2018,"Abbott, J.C. 2006-2017. OdonataCentral: An online resource for the distribution and identification of Odonata.",Extant (resident), , , , , ,Odonata Central,,2011,-83.3063,34.8144
166771223,164012501,Bicellonycha wickershamorum,1,1,1,"Fallon, C.",2020,IUCN,Extant (resident), ,<NULL>,Canelo Hills. <NULL>,,<NULL>,"BugGuide, 2020",HumanObservation,2015,-110.52767,31.56197
125536549,9311,Phanogomphus hodgesi,1,1,1,OdonataCentral,2017,OdonataCentral,Extant (resident),,, J.C. 2006-2017. OdonataCentral: An online resource for the distribution and identification of Odonata.,,,Abbott,,1979,-87.01638,30.69603
80694914,59736,Leptobasis melinogaster,1,1,1,OdonataCentral,2018,"Abbott, J.C. 2006-2017. OdonataCentral: An online resource for the distribution and identification of Odonata.",Extant (resident), , , , , ,Odonata Central,,2009,-98.13534,26.0845
80694914,59736,Leptobasis melinogaster,1,1,1,OdonataCentral,2018,"Abbott, J.C. 2006-2017. OdonataCentral: An online resource for the distribution and identification of Odonata.",Extant (resident), , , , , ,Odonata Central,,2009,-98.1388,26.0799
80694914,59736,Leptobasis melinogaster,1,1,1,OdonataCentral,2018,"Abbott, J.C. 2006-2017. OdonataCentral: An online resource for the distribution and identification of Odonata.",Extant (resident), , , , , ,Odonata Central,,2009,-98.13515,26.0849
80696915,15365,Ophiogomphus edmundo,1,1,1,OdonataCentral,2018,"Abbott, J.C. 2006-2017. OdonataCentral: An online resource for the distribution and identification of Odonata.",Extant (resident), , , , , ,Odonata Central,,2008,-83.3066,34.815
166771223,164012501,Bicellonycha wickershamorum,1,1,1,"Fallon, C.",2020,IUCN,Extant (resident), ,<NULL>,Bear Canyon. <NULL>,,<NULL>,"BugGuide, 2020",HumanObservation,2009,-109.77516,31.840128
80685315,63400,Phanogomphus westfalli,1,1,1,OdonataCentral,2017,"Abbott, J.C. 2006-2017. OdonataCentral: An online resource for the distribution and identification of Odonata.",Extant (resident), , , , , ,Odonata Central,,1987,-87.01638,30.69603
80694914,59736,Leptobasis melinogaster,1,1,1,OdonataCentral,2018,"Abbott, J.C. 2006-2017. OdonataCentral: An online resource for the distribution and identification of Odonata.",Extant (resident), , , , , ,Odonata Central,,2006,-98.26583,26.20709
80696438,14485,Nehalennia pallidula,1,1,1,OdonataCentral,2017,"Abbott, J.C. 2006-2017. OdonataCentral: An online resource for the distribution and identification of Odonata.",Extant (resident), , ,, , ,Odonata Central,,2014,-80.60720062,25.38269997
80683958,50969065,Cordulegaster sarracenia,1,1,1,OdonataCentral,2018,"Abbott, J.C. 2006-2017. OdonataCentral: An online resource for the distribution and identification of Odonata.",Extant (resident), , , , , ,Odonata Central,,2014,-93.0729,31.48208
80697604,20345,Somatochlora ozarkensis,1,1,1,OdonataCentral,2017,"Abbott, J.C. 2006-2017. OdonataCentral: An online resource for the distribution and identification of Odonata.",Extant (resident), , ,, , ,Odonata Central,,2016,-94.80919647,35.64889908
80697604,20345,Somatochlora ozarkensis,1,1,1,OdonataCentral,2017,"Abbott, J.C. 2006-2017. OdonataCentral: An online resource for the distribution and identification of Odonata.",Extant (resident), , ,, , ,Odonata Central,,2008,-94.94850159,34.05239868
166771223,164012501,Bicellonycha wickershamorum,1,1,1,"Fallon, C.",2020,IUCN,Extant (resident), ,<NULL>,Sonoita. <NULL>,,<NULL>,"BugGuide, 2020",HumanObservation,2015,-110.655526,31.677542
166771468,164045636,Photuris walldoxeyi,1,1,1,"Walker, A.",2020,IUCN,Extant (resident), ,NA,NA,,NA,"Faust and Davis, 2019", ,2018,-89.870016,32.5795166
166771568,164045951,Photuris cinctipennis,1,1,1,"Fallon, C.",2020,IUCN,Extant (resident), ,<NULL>,<NULL>,,<NULL>,"Heckscher, 2010",HumanObservation,2001,-75.647274,39.193609
125536549,9311,Phanogomphus hodgesi,1,1,1,OdonataCentral,2017,OdonataCentral,Extant (resident),,, J.C. 2006-2017. OdonataCentral: An online resource for the distribution and identification of Odonata.,,,Abbott,,1976,-87.01638,30.69603
80694914,59736,Leptobasis melinogaster,1,1,1,OdonataCentral,2018,"Abbott, J.C. 2006-2017. OdonataCentral: An online resource for the distribution and identification of Odonata.",Extant (resident), , , , , ,Odonata Central,,2015,-106.43555,23.30755
125536549,9311,Phanogomphus hodgesi,1,1,1,OdonataCentral,2017,OdonataCentral,Extant (resident),,, J.C. 2006-2017. OdonataCentral: An online resource for the distribution and identification of Odonata.,,,Abbott,,2016,-86.8032,30.7364
80697604,20345,Somatochlora ozarkensis,1,1,1,OdonataCentral,2017,"Abbott, J.C. 2006-2017. OdonataCentral: An online resource for the distribution and identification of Odonata.",Extant (resident), , ,, , ,Odonata Central,,2014,-95.0802002,34.95090103
176824979,15362,Ophiogomphus acuminatus,1,1,1,OdonataCentral,2018,"Abbott, J.C. 2006-2017. OdonataCentral: An online resource for the distribution and identification of Odonata.",Extant (resident), , , , , ,Odonata Central,,1982,-87.49484,35.52179
80679620,10858,Ischnura gemina,1,1,1,OdonataCentral,2018,"Abbott, J.C. 2006-2017. OdonataCentral: An online resource for the distribution and identification of Odonata.",Extant (resident), , , , , ,Odonata Central,,2003,-122.9946,38.30832
166771568,164045951,Photuris cinctipennis,1,1,1,"Fallon, C.",2020,IUCN,Extant (resident), ,<NULL>,<NULL>,,<NULL>,"Heckscher, 2010",HumanObservation,2004,-75.371834,38.968112
80679783,11929,Libellula jesseana,1,1,1,OdonataCentral,2018,"Abbott, J.C. 2006-2017. OdonataCentral: An online resource for the distribution and identification of Odonata.",Extant (resident), , , , , ,Odonata Central,,2008,-85.77111,30.49107
80679620,10858,Ischnura gemina,1,1,1,OdonataCentral,2018,"Abbott, J.C. 2006-2017. OdonataCentral: An online resource for the distribution and identification of Odonata.",Extant (resident), , , , , ,Odonata Central,,1961,-123.06611,38.31103
80685315,63400,Phanogomphus westfalli,1,1,1,OdonataCentral,2017,"Abbott, J.C. 2006-2017. OdonataCentral: An online resource for the distribution and identification of Odonata.",Extant (resident), , , , , ,Odonata Central,,2013,-86.7879,30.7226
166771169,13374,Micronaspis floridana,1,1,1,"Fallon, C.",2020,IUCN,Extant (resident), ,<NULL>,<NULL>,,<NULL>,"GBIF, 2020",HumanObservation,2019,-80.335262,25.464619
80679620,10858,Ischnura gemina,1,1,1,OdonataCentral,2018,"Abbott, J.C. 2006-2017. OdonataCentral: An online resource for the distribution and identification of Odonata.",Extant (resident), , , , , ,Odonata Central,,2003,-122.97409,38.31147
80697604,20345,Somatochlora ozarkensis,1,1,1,OdonataCentral,2017,"Abbott, J.C. 2006-2017. OdonataCentral: An online resource for the distribution and identification of Odonata.",Extant (resident), , ,, , ,Odonata Central,,2011,-94.25360107,35.77709961
80697604,20345,Somatochlora ozarkensis,1,1,1,OdonataCentral,2017,"Abbott, J.C. 2006-2017. OdonataCentral: An online resource for the distribution and identification of Odonata.",Extant (resident), , ,, , ,Odonata Central,,2016,-94.53530121,35.71620178
80697604,20345,Somatochlora ozarkensis,1,1,1,OdonataCentral,2017,"Abbott, J.C. 2006-2017. OdonataCentral: An online resource for the distribution and identification of Odonata.",Extant (resident), , ,, , ,Odonata Central,,2012,-94.6882019,34.71889877
80697604,20345,Somatochlora ozarkensis,1,1,1,OdonataCentral,2017,"Abbott, J.C. 2006-2017. OdonataCentral: An online resource for the distribution and identification of Odonata.",Extant (resident), , ,, , ,Odonata Central,,2016,-95.27490234,34.4314003
166771468,164045636,Photuris walldoxeyi,1,1,1,"Walker, A.",2020,IUCN,Extant (resident), ,NA,"Tenessee, Obion County, Grassy Island in Reelfoot Lake, Reelfoot National Wildlife Refuge",,NA,"L. Faust pers. comm., 2020", ,2020,-89.352409,36.444669
125536549,9311,Phanogomphus hodgesi,1,1,1,OdonataCentral,2017,OdonataCentral,Extant (resident),,, J.C. 2006-2017. OdonataCentral: An online resource for the distribution and identification of Odonata.,,,Abbott,,2005,-86.33169,30.69756
80696915,15365,Ophiogomphus edmundo,1,1,1,OdonataCentral,2018,"Abbott, J.C. 2006-2017. OdonataCentral: An online resource for the distribution and identification of Odonata.",Extant (resident), , , , , ,Odonata Central,,2011,-83.24918,34.8547
80686432,63223,Ophiogomphus australis,1,1,1,OdonataCentral,2018,"Abbott, J.C. 2006-2017. OdonataCentral: An online resource for the distribution and identification of Odonata.",Extant (resident), , , , , ,Odonata Central,,2016,-89.9075,30.94833
166771333,164015739,Lucidota luteicollis,1,1,1,"Fallon, C.",2020,IUCN,Extant (resident), ,<NULL>,<NULL>,,<NULL>,"BugGuide, 2020",<NULL>,2015,-82.63727,28.908305
80697604,20345,Somatochlora ozarkensis,1,1,1,OdonataCentral,2017,"Abbott, J.C. 2006-2017. OdonataCentral: An online resource for the distribution and identification of Odonata.",Extant (resident), , ,, , ,Odonata Central,,2011,-94.5428009,34.63899994
80695216,9312,Phanogomphus sandrius,1,1,1,OdonataCentral,2017,"Abbott, J.C. 2006-2017. OdonataCentral: An online resource for the distribution and identification of Odonata.",Extant (resident), , , , , ,Odonata Central,,1983,-86.76687,35.46711
166771468,164045636,Photuris walldoxeyi,1,1,1,"Walker, A.",2020,IUCN,Extant (resident), ,NA,NA,,NA,"Faust and Davis, 2019", ,2018,-87.983554,37.828215
176824979,15362,Ophiogomphus acuminatus,1,1,1,OdonataCentral,2018,"Abbott, J.C. 2006-2017. OdonataCentral: An online resource for the distribution and identification of Odonata.",Extant (resident), , , , , ,Odonata Central,,1983,-87.49484,35.52179
80697604,20345,Somatochlora ozarkensis,1,1,1,OdonataCentral,2017,"Abbott, J.C. 2006-2017. OdonataCentral: An online resource for the distribution and identification of Odonata.",Extant (resident), , ,, , ,Odonata Central,,2016,-94.83899689,36.03070068
80697604,20345,Somatochlora ozarkensis,1,1,1,OdonataCentral,2017,"Abbott, J.C. 2006-2017. OdonataCentral: An online resource for the distribution and identification of Odonata.",Extant (resident), , ,, , ,Odonata Central,,2010,-96.80269623,37.10029984
80696438,14485,Nehalennia pallidula,1,1,1,OdonataCentral,2017,"Abbott, J.C. 2006-2017. OdonataCentral: An online resource for the distribution and identification of Odonata.",Extant (resident), , ,, , ,Odonata Central,,2010,-80.09619904,26.41150093
80679783,11929,Libellula jesseana,1,1,1,OdonataCentral,2018,"Abbott, J.C. 2006-2017. OdonataCentral: An online resource for the distribution and identification of Odonata.",Extant (resident), , , , , ,Odonata Central,,2016,-81.96145,29.84753
80683958,50969065,Cordulegaster sarracenia,1,1,1,OdonataCentral,2018,"Abbott, J.C. 2006-2017. OdonataCentral: An online resource for the distribution and identification of Odonata.",Extant (resident), , , , , ,Odonata Central,,2017,-92.54937,31.20879
80697604,20345,Somatochlora ozarkensis,1,1,1,OdonataCentral,2017,"Abbott, J.C. 2006-2017. OdonataCentral: An online resource for the distribution and identification of Odonata.",Extant (resident), , ,, , ,Odonata Central,,2011,-98.70189667,34.72309875
80679620,10858,Ischnura gemina,1,1,1,OdonataCentral,2018,"Abbott, J.C. 2006-2017. OdonataCentral: An online resource for the distribution and identification of Odonata.",Extant (resident), , , , , ,Odonata Central,,1902,-122.41064,37.65714
80683958,50969065,Cordulegaster sarracenia,1,1,1,OdonataCentral,2018,"Abbott, J.C. 2006-2017. OdonataCentral: An online resource for the distribution and identification of Odonata.",Extant (resident), , , , , ,Odonata Central,,2012,-93.6446,31.17361
80696438,14485,Nehalennia pallidula,1,1,1,OdonataCentral,2017,"Abbott, J.C. 2006-2017. OdonataCentral: An online resource for the distribution and identification of Odonata.",Extant (resident), , ,, , ,Odonata Central,,2016,-82.70510101,27.49600029
80685315,63400,Phanogomphus westfalli,1,1,1,OdonataCentral,2017,"Abbott, J.C. 2006-2017. OdonataCentral: An online resource for the distribution and identification of Odonata.",Extant (resident), , , , , ,Odonata Central,,2003,-86.46786,30.53486
80694914,59736,Leptobasis melinogaster,1,1,1,OdonataCentral,2018,"Abbott, J.C. 2006-2017. OdonataCentral: An online resource for the distribution and identification of Odonata.",Extant (resident), , , , , ,Odonata Central,,2007,-97.66425,26.18548
80696438,14485,Nehalennia pallidula,1,1,1,OdonataCentral,2017,"Abbott, J.C. 2006-2017. OdonataCentral: An online resource for the distribution and identification of Odonata.",Extant (resident), , ,, , ,Odonata Central,,2012,-80.09100342,26.35689926
80679620,10858,Ischnura gemina,1,1,1,OdonataCentral,2018,"Abbott, J.C. 2006-2017. OdonataCentral: An online resource for the distribution and identification of Odonata.",Extant (resident), , , , , ,Odonata Central,,1999,-122.33053,37.58696
125536549,9311,Phanogomphus hodgesi,1,1,1,OdonataCentral,2017,OdonataCentral,Extant (resident),,, J.C. 2006-2017. OdonataCentral: An online resource for the distribution and identification of Odonata.,,,Abbott,,2017,-87.90135,30.73204
80695216,9312,Phanogomphus sandrius,1,1,1,OdonataCentral,2017,"Abbott, J.C. 2006-2017. OdonataCentral: An online resource for the distribution and identification of Odonata.",Extant (resident), , , , , ,Odonata Central,,1983,-87.07636,35.6158
166771333,164015739,Lucidota luteicollis,1,1,1,"Fallon, C.",2020,IUCN,Extant (resident), ,<NULL>,<NULL>,,<NULL>,"Dunford et all, 2008",<NULL>,2004,-81.352017,27.181438
80679620,10858,Ischnura gemina,1,1,1,OdonataCentral,2018,"Abbott, J.C. 2006-2017. OdonataCentral: An online resource for the distribution and identification of Odonata.",Extant (resident), , , , , ,Odonata Central,,2009,-122.47483,37.80898
80683958,50969065,Cordulegaster sarracenia,1,1,1,OdonataCentral,2018,"Abbott, J.C. 2006-2017. OdonataCentral: An online resource for the distribution and identification of Odonata.",Extant (resident), , , , , ,Odonata Central,,2017,-92.99927,31.47567
125536549,9311,Phanogomphus hodgesi,1,1,1,OdonataCentral,2017,OdonataCentral,Extant (resident),,, J.C. 2006-2017. OdonataCentral: An online resource for the distribution and identification of Odonata.,,,Abbott,,2013,-87.4984,30.7273
80697604,20345,Somatochlora ozarkensis,1,1,1,OdonataCentral,2017,"Abbott, J.C. 2006-2017. OdonataCentral: An online resource for the distribution and identification of Odonata.",Extant (resident), , ,, , ,Odonata Central,,2016,-94.83899689,36.03120041
80683958,50969065,Cordulegaster sarracenia,1,1,1,OdonataCentral,2018,"Abbott, J.C. 2006-2017. OdonataCentral: An online resource for the distribution and identification of Odonata.",Extant (resident), , , , , ,Odonata Central,,2017,-92.67877,31.24475
166771468,164045636,Photuris walldoxeyi,1,1,1,"Walker, A.",2020,IUCN,Extant (resident), ,NA,"Tennessee, Fayette County, Mineral Slough in Ghost River State Natural Area",,NA,"Faust and Davis, 2019", ,2018,-89.272287,35.026719
166771169,13374,Micronaspis floridana,6,1,1,"Fallon, C.",2020,IUCN,Presence Uncertain, , ,"",,"","Faust, 2017",HumanObservation,0,-80.91260882,25.21462084
80696915,15365,Ophiogomphus edmundo,1,1,1,OdonataCentral,2018,"Abbott, J.C. 2006-2017. OdonataCentral: An online resource for the distribution and identification of Odonata.",Extant (resident), , , , , ,Odonata Central,,2008,-83.30658,34.8138
80679620,10858,Ischnura gemina,1,1,1,OdonataCentral,2018,"Abbott, J.C. 2006-2017. OdonataCentral: An online resource for the distribution and identification of Odonata.",Extant (resident), , , , , ,Odonata Central,,2016,-122.86877,38.31351
80683958,50969065,Cordulegaster sarracenia,1,1,1,OdonataCentral,2018,"Abbott, J.C. 2006-2017. OdonataCentral: An online resource for the distribution and identification of Odonata.",Extant (resident), , , , , ,Odonata Central,,2015,-94.27661,31.05993
176824979,15362,Ophiogomphus acuminatus,1,1,1,OdonataCentral,2018,"Abbott, J.C. 2006-2017. OdonataCentral: An online resource for the distribution and identification of Odonata.",Extant (resident), , , , , ,Odonata Central,,2016,-87.4595,35.5641
176824979,15362,Ophiogomphus acuminatus,1,1,1,OdonataCentral,2018,"Abbott, J.C. 2006-2017. OdonataCentral: An online resource for the distribution and identification of Odonata.",Extant (resident), , , , , ,Odonata Central,,1984,-87.49484,35.52179
80694914,59736,Leptobasis melinogaster,1,1,1,OdonataCentral,2018,"Abbott, J.C. 2006-2017. OdonataCentral: An online resource for the distribution and identification of Odonata.",Extant (resident), , , , , ,Odonata Central,,2008,-98.14011,26.08022
166771368,164044862,Pyractomena ecostata,1,1,1,"Walker, A.",2020,IUCN,Extant (resident), ,NA,NA,,NA,"GBIF, 2020",HUMAN_OBSERVATION,2010,-80.49905,25.610495
166771368,164044862,Pyractomena ecostata,1,1,1,"Walker, A.",2020,IUCN,Extant (resident), ,NA,NA,,NA,"GBIF, 2020",HUMAN_OBSERVATION,2018,-83.017161,29.191443
125536549,9311,Phanogomphus hodgesi,1,1,1,OdonataCentral,2017,OdonataCentral,Extant (resident),,, J.C. 2006-2017. OdonataCentral: An online resource for the distribution and identification of Odonata.,,,Abbott,,1981,-86.59302,30.66831
166771808,164076824,Photinus dimissus,6,1,1,"Walker, A.",2020,IUCN,Presence Uncertain, , ,"",,"","GBIF, 2020",PreservedSpecimen,0,-95.469241,29.909669
166771808,164076824,Photinus dimissus,1,1,1,"Walker, A.",2020,IUCN,Extant (resident), , ,"",,"","B. Pfeiffer pers. obs., 2020",Observation,0,-98.485032,29.874198
80697604,20345,Somatochlora ozarkensis,1,1,1,OdonataCentral,2017,"Abbott, J.C. 2006-2017. OdonataCentral: An online resource for the distribution and identification of Odonata.",Extant (resident), , ,, , ,Odonata Central,,2011,-94.49120331,34.44390106
80683958,50969065,Cordulegaster sarracenia,1,1,1,OdonataCentral,2018,"Abbott, J.C. 2006-2017. OdonataCentral: An online resource for the distribution and identification of Odonata.",Extant (resident), , , , , ,Odonata Central,,2011,-93.07568,31.48353
166771333,164015739,Lucidota luteicollis,6,1,1,"Fallon, C.",2020,IUCN,Presence Uncertain, ,<NULL>,<NULL>,,<NULL>,"FPS, 2018",<NULL>,0,-81.536488,27.471365
80696915,15365,Ophiogomphus edmundo,1,1,1,OdonataCentral,2018,"Abbott, J.C. 2006-2017. OdonataCentral: An online resource for the distribution and identification of Odonata.",Extant (resident), , , , , ,Odonata Central,,2012,-83.305,34.81462
166771568,164045951,Photuris cinctipennis,6,1,1,"Fallon, C.",2020,IUCN,Presence Uncertain, ,<NULL>,<NULL>,,<NULL>,"Lloyd, 2018",HumanObservation,1978,-76.829916,38.64673
80695216,9312,Phanogomphus sandrius,1,1,1,OdonataCentral,2017,"Abbott, J.C. 2006-2017. OdonataCentral: An online resource for the distribution and identification of Odonata.",Extant (resident), , , , , ,Odonata Central,,1982,-86.45805,35.51376
166771468,164045636,Photuris walldoxeyi,1,1,1,"Walker, A.",2020,IUCN,Extant (resident), ,NA,NA,,NA,"Faust and Davis, 2019", ,2018,-89.75107,34.908172
80679783,11929,Libellula jesseana,1,1,1,OdonataCentral,2018,"Abbott, J.C. 2006-2017. OdonataCentral: An online resource for the distribution and identification of Odonata.",Extant (resident), , , , , ,Odonata Central,,2015,-81.49307,27.98323
125536549,9311,Phanogomphus hodgesi,1,1,1,OdonataCentral,2017,OdonataCentral,Extant (resident),,, J.C. 2006-2017. OdonataCentral: An online resource for the distribution and identification of Odonata.,,,Abbott,,1974,-84.27908,30.4569
80683958,50969065,Cordulegaster sarracenia,1,1,1,OdonataCentral,2018,"Abbott, J.C. 2006-2017. OdonataCentral: An online resource for the distribution and identification of Odonata.",Extant (resident), , , , , ,Odonata Central,,2011,-94.2791,31.0637
80696262,21118,Stylurus potulentus,1,1,1,OdonataCentral,2018,"Abbott, J.C. 2006-2017. OdonataCentral: An online resource for the distribution and identification of Odonata.",Extant (resident), , , , , ,Odonata Central,,1985,-86.59302,30.66831
80696262,21118,Stylurus potulentus,1,1,1,OdonataCentral,2018,"Abbott, J.C. 2006-2017. OdonataCentral: An online resource for the distribution and identification of Odonata.",Extant (resident), , , , , ,Odonata Central,,1983,-85.1974,30.41018
166771333,164015739,Lucidota luteicollis,1,1,1,"Fallon, C.",2020,IUCN,Extant (resident), ,<NULL>,<NULL>,,<NULL>,"GBIF, 2020",PreservedSpecimen,2001,-81.5007,28.7354
80696915,15365,Ophiogomphus edmundo,1,1,1,OdonataCentral,2018,"Abbott, J.C. 2006-2017. OdonataCentral: An online resource for the distribution and identification of Odonata.",Extant (resident), , , , , ,Odonata Central,,2017,-79.9911,36.5353
166771333,164015739,Lucidota luteicollis,6,1,1,"Fallon, C.",2020,IUCN,Presence Uncertain, ,<NULL>,<NULL>,,<NULL>,"GBIF, 2020",PreservedSpecimen,1969,-81.352017,27.181438
80683958,50969065,Cordulegaster sarracenia,1,1,1,OdonataCentral,2018,"Abbott, J.C. 2006-2017. OdonataCentral: An online resource for the distribution and identification of Odonata.",Extant (resident), , , , , ,Odonata Central,,2011,-93.07553,31.48324
125536549,9311,Phanogomphus hodgesi,1,1,1,OdonataCentral,2017,OdonataCentral,Extant (resident),,, J.C. 2006-2017. OdonataCentral: An online resource for the distribution and identification of Odonata.,,,Abbott,,1974,-87.01638,30.69603
80679620,10858,Ischnura gemina,1,1,1,OdonataCentral,2018,"Abbott, J.C. 2006-2017. OdonataCentral: An online resource for the distribution and identification of Odonata.",Extant (resident), , , , , ,Odonata Central,,1999,-122.33221,37.58754
80686432,63223,Ophiogomphus australis,1,1,1,OdonataCentral,2018,"Abbott, J.C. 2006-2017. OdonataCentral: An online resource for the distribution and identification of Odonata.",Extant (resident), , , , , ,Odonata Central,,2006,-90.4717,31.0603
80694914,59736,Leptobasis melinogaster,1,1,1,OdonataCentral,2018,"Abbott, J.C. 2006-2017. OdonataCentral: An online resource for the distribution and identification of Odonata.",Extant (resident), , , , , ,Odonata Central,,2010,-98.13558,26.08374
80696915,15365,Ophiogomphus edmundo,1,1,1,OdonataCentral,2018,"Abbott, J.C. 2006-2017. OdonataCentral: An online resource for the distribution and identification of Odonata.",Extant (resident), , , , , ,Odonata Central,,2012,-83.30658,34.8138
80695216,9312,Phanogomphus sandrius,1,1,1,OdonataCentral,2017,"Abbott, J.C. 2006-2017. OdonataCentral: An online resource for the distribution and identification of Odonata.",Extant (resident), , , , , ,Odonata Central,,2016,-86.51657,35.56441
80696438,14485,Nehalennia pallidula,1,1,1,OdonataCentral,2017,"Abbott, J.C. 2006-2017. OdonataCentral: An online resource for the distribution and identification of Odonata.",Extant (resident), , ,, , ,Odonata Central,,2016,-81.30269623,26.21450043
80697604,20345,Somatochlora ozarkensis,1,1,1,OdonataCentral,2017,"Abbott, J.C. 2006-2017. OdonataCentral: An online resource for the distribution and identification of Odonata.",Extant (resident), , ,, , ,Odonata Central,,2008,-94.94799805,34.05250168
80696915,15365,Ophiogomphus edmundo,1,1,1,OdonataCentral,2018,"Abbott, J.C. 2006-2017. OdonataCentral: An online resource for the distribution and identification of Odonata.",Extant (resident), , , , , ,Odonata Central,,2017,-80.19832,36.40859
80697604,20345,Somatochlora ozarkensis,1,1,1,OdonataCentral,2017,"Abbott, J.C. 2006-2017. OdonataCentral: An online resource for the distribution and identification of Odonata.",Extant (resident), , ,, , ,Odonata Central,,2016,-96.25859833,36.13610077
80696915,15365,Ophiogomphus edmundo,1,1,1,OdonataCentral,2018,"Abbott, J.C. 2006-2017. OdonataCentral: An online resource for the distribution and identification of Odonata.",Extant (resident), , , , , ,Odonata Central,,2012,-83.30642,34.81514
80683958,50969065,Cordulegaster sarracenia,1,1,1,OdonataCentral,2018,"Abbott, J.C. 2006-2017. OdonataCentral: An online resource for the distribution and identification of Odonata.",Extant (resident), , , , , ,Odonata Central,,2009,-94.3362,30.5823
125536549,9311,Phanogomphus hodgesi,1,1,1,OdonataCentral,2017,OdonataCentral,Extant (resident),,, J.C. 2006-2017. OdonataCentral: An online resource for the distribution and identification of Odonata.,,,Abbott,,1984,-85.24223,29.90015
80683958,50969065,Cordulegaster sarracenia,1,1,1,OdonataCentral,2018,"Abbott, J.C. 2006-2017. OdonataCentral: An online resource for the distribution and identification of Odonata.",Extant (resident), , , , , ,Odonata Central,,2011,-93.06547,31.48698
80696438,14485,Nehalennia pallidula,1,1,1,OdonataCentral,2017,"Abbott, J.C. 2006-2017. OdonataCentral: An online resource for the distribution and identification of Odonata.",Extant (resident), , ,, , ,Odonata Central,,2009,-85.57810211,30.3295002
176824979,15362,Ophiogomphus acuminatus,1,1,1,OdonataCentral,2018,"Abbott, J.C. 2006-2017. OdonataCentral: An online resource for the distribution and identification of Odonata.",Extant (resident), , , , , ,Odonata Central,,1992,-87.86816,35.63553
80686432,63223,Ophiogomphus australis,1,1,1,OdonataCentral,2018,"Abbott, J.C. 2006-2017. OdonataCentral: An online resource for the distribution and identification of Odonata.",Extant (resident), , , , , ,Odonata Central,,2012,-87.44016,30.69076
80683958,50969065,Cordulegaster sarracenia,1,1,1,OdonataCentral,2018,"Abbott, J.C. 2006-2017. OdonataCentral: An online resource for the distribution and identification of Odonata.",Extant (resident), , , , , ,Odonata Central,,2016,-95.90242,31.90743
80685315,63400,Phanogomphus westfalli,1,1,1,OdonataCentral,2017,"Abbott, J.C. 2006-2017. OdonataCentral: An online resource for the distribution and identification of Odonata.",Extant (resident), , , , , ,Odonata Central,,2016,-86.8032,30.7364
166771808,164076824,Photinus dimissus,1,1,1,"Walker, A.",2020,IUCN,Extant (resident), , ,Cibolo Nature Center,,"","B. Pfeiffer pers. obs., 2019",Observation,2019,-98.709243,29.78158
80683958,50969065,Cordulegaster sarracenia,1,1,1,OdonataCentral,2018,"Abbott, J.C. 2006-2017. OdonataCentral: An online resource for the distribution and identification of Odonata.",Extant (resident), , , , , ,Odonata Central,,2011,-94.27912,31.06327
80696915,15365,Ophiogomphus edmundo,1,1,1,OdonataCentral,2018,"Abbott, J.C. 2006-2017. OdonataCentral: An online resource for the distribution and identification of Odonata.",Extant (resident), , , , , ,Odonata Central,,2012,-79.99111,36.5335
80696915,15365,Ophiogomphus edmundo,1,1,1,OdonataCentral,2018,"Abbott, J.C. 2006-2017. OdonataCentral: An online resource for the distribution and identification of Odonata.",Extant (resident), , , , , ,Odonata Central,,2011,-84.63953,34.99189
125536549,9311,Phanogomphus hodgesi,1,1,1,OdonataCentral,2017,OdonataCentral,Extant (resident),,, J.C. 2006-2017. OdonataCentral: An online resource for the distribution and identification of Odonata.,,,Abbott,,1981,-85.24223,29.90015
125536549,9311,Phanogomphus hodgesi,1,1,1,OdonataCentral,2017,OdonataCentral,Extant (resident),,, J.C. 2006-2017. OdonataCentral: An online resource for the distribution and identification of Odonata.,,,Abbott,,,-89.12319,30.789
176824979,15362,Ophiogomphus acuminatus,1,1,1,OdonataCentral,2018,"Abbott, J.C. 2006-2017. OdonataCentral: An online resource for the distribution and identification of Odonata.",Extant (resident), , , , , ,Odonata Central,,1999,-87.78697,35.23579
166771468,164045636,Photuris walldoxeyi,1,1,1,"Walker, A.",2020,IUCN,Extant (resident), ,NA,"Tennessee, Fayette County, William B. Clark Conservation Area on Wolf River",,NA,"Faust and Davis, 2019", ,2018,-89.540112,35.055036
80695216,9312,Phanogomphus sandrius,1,1,1,OdonataCentral,2017,"Abbott, J.C. 2006-2017. OdonataCentral: An online resource for the distribution and identification of Odonata.",Extant (resident), , , , , ,Odonata Central,,2010,-86.36966,35.76017
80683958,50969065,Cordulegaster sarracenia,1,1,1,OdonataCentral,2018,"Abbott, J.C. 2006-2017. OdonataCentral: An online resource for the distribution and identification of Odonata.",Extant (resident), , , , , ,Odonata Central,,2016,-92.57722,31.20333
80685315,63400,Phanogomphus westfalli,1,1,1,OdonataCentral,2017,"Abbott, J.C. 2006-2017. OdonataCentral: An online resource for the distribution and identification of Odonata.",Extant (resident), , , , , ,Odonata Central,,1976,-87.01638,30.69603
80683958,50969065,Cordulegaster sarracenia,1,1,1,OdonataCentral,2018,"Abbott, J.C. 2006-2017. OdonataCentral: An online resource for the distribution and identification of Odonata.",Extant (resident), , , , , ,Odonata Central,,2017,-92.70176,31.28768
166771808,164076824,Photinus dimissus,6,1,1,"Walker, A.",2020,IUCN,Presence Uncertain, , ,"",,"","BugGuide, 2020",Observation,1970,-97.51844,27.73813
166771468,164045636,Photuris walldoxeyi,1,1,1,"Walker, A.",2020,IUCN,Extant (resident), ,NA,"Tenessee, Madison county, Pinson Mounds State Park",,NA,"L. Faust pers. comm., 2020", ,2020,-88.686602,35.495561
80694914,59736,Leptobasis melinogaster,1,1,1,OdonataCentral,2018,"Abbott, J.C. 2006-2017. OdonataCentral: An online resource for the distribution and identification of Odonata.",Extant (resident), , , , , ,Odonata Central,,2005,-98.1373,26.0782
80697604,20345,Somatochlora ozarkensis,1,1,1,OdonataCentral,2017,"Abbott, J.C. 2006-2017. OdonataCentral: An online resource for the distribution and identification of Odonata.",Extant (resident), , ,, , ,Odonata Central,,2014,-95.33249664,34.98680115
80695216,9312,Phanogomphus sandrius,1,1,1,OdonataCentral,2017,"Abbott, J.C. 2006-2017. OdonataCentral: An online resource for the distribution and identification of Odonata.",Extant (resident), , , , , ,Odonata Central,,2010,-86.42155,35.78621
80697604,20345,Somatochlora ozarkensis,1,1,1,OdonataCentral,2017,"Abbott, J.C. 2006-2017. OdonataCentral: An online resource for the distribution and identification of Odonata.",Extant (resident), , ,, , ,Odonata Central,,2008,-94.76629639,34.11320114
80695216,9312,Phanogomphus sandrius,1,1,1,OdonataCentral,2017,"Abbott, J.C. 2006-2017. OdonataCentral: An online resource for the distribution and identification of Odonata.",Extant (resident), , , , , ,Odonata Central,,2011,-86.36978,35.75998
80683958,50969065,Cordulegaster sarracenia,1,1,1,OdonataCentral,2018,"Abbott, J.C. 2006-2017. OdonataCentral: An online resource for the distribution and identification of Odonata.",Extant (resident), , , , , ,Odonata Central,,2010,-94.27974,31.07351
176824979,15362,Ophiogomphus acuminatus,1,1,1,OdonataCentral,2018,"Abbott, J.C. 2006-2017. OdonataCentral: An online resource for the distribution and identification of Odonata.",Extant (resident), , , , , ,Odonata Central,,1994,-87.78697,35.23579
166771169,13374,Micronaspis floridana,6,1,1,"Fallon, C.",2020,IUCN,Presence Uncertain, , ,"",,"","Faust, 2017",HumanObservation,0,-81.63834443,26.11286737
80679783,11929,Libellula jesseana,1,1,1,OdonataCentral,2018,"Abbott, J.C. 2006-2017. OdonataCentral: An online resource for the distribution and identification of Odonata.",Extant (resident), , , , , ,Odonata Central,,1977,-81.74038,29.60527
80685315,63400,Phanogomphus westfalli,1,1,1,OdonataCentral,2017,"Abbott, J.C. 2006-2017. OdonataCentral: An online resource for the distribution and identification of Odonata.",Extant (resident), , , , , ,Odonata Central,,1979,-87.01638,30.69603
166771808,164076824,Photinus dimissus,6,1,1,"Walker, A.",2020,IUCN,Presence Uncertain, , ,"",,"","BugGuide, 2020",Observation,1970,-96.30239,30.65673
80696262,21118,Stylurus potulentus,1,1,1,OdonataCentral,2018,"Abbott, J.C. 2006-2017. OdonataCentral: An online resource for the distribution and identification of Odonata.",Extant (resident), , , , , ,Odonata Central,,1974,-85.1974,30.41018
166771169,13374,Micronaspis floridana,6,1,1,"Fallon, C.",2020,IUCN,Presence Uncertain, ,<NULL>,<NULL>,,<NULL>,"GBIF, 2020",PreservedSpecimen,1939,-83.0417,29.1456
80679783,11929,Libellula jesseana,1,1,1,OdonataCentral,2018,"Abbott, J.C. 2006-2017. OdonataCentral: An online resource for the distribution and identification of Odonata.",Extant (resident), , , , , ,Odonata Central,,2014,-81.65065,29.10457
80685315,63400,Phanogomphus westfalli,1,1,1,OdonataCentral,2017,"Abbott, J.C. 2006-2017. OdonataCentral: An online resource for the distribution and identification of Odonata.",Extant (resident), , , , , ,Odonata Central,,2016,-86.80255,30.72955
80683958,50969065,Cordulegaster sarracenia,1,1,1,OdonataCentral,2018,"Abbott, J.C. 2006-2017. OdonataCentral: An online resource for the distribution and identification of Odonata.",Extant (resident), , , , , ,Odonata Central,,2017,-92.60473,31.26736
125536549,9311,Phanogomphus hodgesi,1,1,1,OdonataCentral,2017,OdonataCentral,Extant (resident),,, J.C. 2006-2017. OdonataCentral: An online resource for the distribution and identification of Odonata.,,,Abbott,,1981,-87.01638,30.69603
166771368,164044862,Pyractomena ecostata,1,1,1,"Walker, A.",2020,IUCN,Extant (resident), ,NA,NA,,NA,"GBIF, 2020",HUMAN_OBSERVATION,2019,-80.682914,25.388801
80683958,50969065,Cordulegaster sarracenia,1,1,1,OdonataCentral,2018,"Abbott, J.C. 2006-2017. OdonataCentral: An online resource for the distribution and identification of Odonata.",Extant (resident), , , , , ,Odonata Central,,2011,-93.79774,31.1394
80679620,10858,Ischnura gemina,1,1,1,OdonataCentral,2018,"Abbott, J.C. 2006-2017. OdonataCentral: An online resource for the distribution and identification of Odonata.",Extant (resident), , , , , ,Odonata Central,,2016,-122.85513,38.3103
80696915,15365,Ophiogomphus edmundo,1,1,1,OdonataCentral,2018,"Abbott, J.C. 2006-2017. OdonataCentral: An online resource for the distribution and identification of Odonata.",Extant (resident), , , , , ,Odonata Central,,2016,-82.61693,35.71839
125536549,9311,Phanogomphus hodgesi,1,1,1,OdonataCentral,2017,OdonataCentral,Extant (resident),,, J.C. 2006-2017. OdonataCentral: An online resource for the distribution and identification of Odonata.,,,Abbott,,2016,-87.75166,30.54547
166771333,164015739,Lucidota luteicollis,6,1,1,"Fallon, C.",2020,IUCN,Presence Uncertain, ,<NULL>,<NULL>,,<NULL>,"GBIF, 2020",PreservedSpecimen,1966,-81.352017,27.181438
80696915,15365,Ophiogomphus edmundo,1,1,1,OdonataCentral,2018,"Abbott, J.C. 2006-2017. OdonataCentral: An online resource for the distribution and identification of Odonata.",Extant (resident), , , , , ,Odonata Central,,2011,-84.63274,34.98736
166771223,164012501,Bicellonycha wickershamorum,1,1,1,"Fallon, C.",2020,IUCN,Extant (resident), ,<NULL>,Scotia Canyon. <NULL>,,<NULL>,"BugGuide, 2020",HumanObservation,2015,-110.431235,31.417021
80679783,11929,Libellula jesseana,1,1,1,OdonataCentral,2018,"Abbott, J.C. 2006-2017. OdonataCentral: An online resource for the distribution and identification of Odonata.",Extant (resident), , , , , ,Odonata Central,,1976,-81.74038,29.60527
80683958,50969065,Cordulegaster sarracenia,1,1,1,OdonataCentral,2018,"Abbott, J.C. 2006-2017. OdonataCentral: An online resource for the distribution and identification of Odonata.",Extant (resident), , , , , ,Odonata Central,,2010,-94.2791,31.0637
80695216,9312,Phanogomphus sandrius,1,1,1,OdonataCentral,2017,"Abbott, J.C. 2006-2017. OdonataCentral: An online resource for the distribution and identification of Odonata.",Extant (resident), , , , , ,Odonata Central,,2016,-86.37622,35.76721
80685315,63400,Phanogomphus westfalli,1,1,1,OdonataCentral,2017,"Abbott, J.C. 2006-2017. OdonataCentral: An online resource for the distribution and identification of Odonata.",Extant (resident), , , , , ,Odonata Central,,2017,-86.83047,30.86412
80679783,11929,Libellula jesseana,1,1,1,OdonataCentral,2018,"Abbott, J.C. 2006-2017. OdonataCentral: An online resource for the distribution and identification of Odonata.",Extant (resident), , , , , ,Odonata Central,,1979,-81.74038,29.60527
80683958,50969065,Cordulegaster sarracenia,1,1,1,OdonataCentral,2018,"Abbott, J.C. 2006-2017. OdonataCentral: An online resource for the distribution and identification of Odonata.",Extant (resident), , , , , ,Odonata Central,,2010,-94.27998,31.07133
80686432,63223,Ophiogomphus australis,1,1,1,OdonataCentral,2018,"Abbott, J.C. 2006-2017. OdonataCentral: An online resource for the distribution and identification of Odonata.",Extant (resident), , , , , ,Odonata Central,,2016,-89.90791,30.94856
166771568,164045951,Photuris cinctipennis,6,1,1,"Fallon, C.",2020,IUCN,Presence Uncertain, ,<NULL>,<NULL>,,<NULL>,"Barber, 1951; GBIF, 2020",PreservedSpecimen,1927,-76.5328,39.0275
80695216,9312,Phanogomphus sandrius,1,1,1,OdonataCentral,2017,"Abbott, J.C. 2006-2017. OdonataCentral: An online resource for the distribution and identification of Odonata.",Extant (resident), , , , , ,Odonata Central,,2016,-86.36967,35.75968
80685315,63400,Phanogomphus westfalli,1,1,1,OdonataCentral,2017,"Abbott, J.C. 2006-2017. OdonataCentral: An online resource for the distribution and identification of Odonata.",Extant (resident), , , , , ,Odonata Central,,2013,-86.8088,30.7191
80679620,10858,Ischnura gemina,1,1,1,OdonataCentral,2018,"Abbott, J.C. 2006-2017. OdonataCentral: An online resource for the distribution and identification of Odonata.",Extant (resident), , , , , ,Odonata Central,,2001,-122.32942,37.58781
80683958,50969065,Cordulegaster sarracenia,1,1,1,OdonataCentral,2018,"Abbott, J.C. 2006-2017. OdonataCentral: An online resource for the distribution and identification of Odonata.",Extant (resident), , , , , ,Odonata Central,,2017,-92.60434,31.26566
80696438,14485,Nehalennia pallidula,1,1,1,OdonataCentral,2017,"Abbott, J.C. 2006-2017. OdonataCentral: An online resource for the distribution and identification of Odonata.",Extant (resident), , ,, , ,Odonata Central,,2008,-80.08110046,26.43930054
166771508,164045835,Photuris mysticalampas,1,1,1,"Fallon, C.",2020,IUCN,Extant (resident), ,<NULL>,<NULL>,,<NULL>,"GBIF, 2020",PreservedSpecimen,2008,-75.6767,38.5633
80679783,11929,Libellula jesseana,1,1,1,OdonataCentral,2018,"Abbott, J.C. 2006-2017. OdonataCentral: An online resource for the distribution and identification of Odonata.",Extant (resident), , , , , ,Odonata Central,,1980,-85.67069,30.61316
166771169,13374,Micronaspis floridana,6,1,1,"Fallon, C.",2020,IUCN,Presence Uncertain, , ,"",,"","Faust, 2017",HumanObservation,0,-81.88818784,24.51267984
80686432,63223,Ophiogomphus australis,1,1,1,OdonataCentral,2018,"Abbott, J.C. 2006-2017. OdonataCentral: An online resource for the distribution and identification of Odonata.",Extant (resident), , , , , ,Odonata Central,,2012,-87.44139,30.68914
166771808,164076824,Photinus dimissus,1,1,1,"Walker, A.",2020,IUCN,Extant (resident), , ,"",,"","SCAN, 2020",Observation,2015,-97.014929,32.311411
176824979,15362,Ophiogomphus acuminatus,1,1,1,OdonataCentral,2018,"Abbott, J.C. 2006-2017. OdonataCentral: An online resource for the distribution and identification of Odonata.",Extant (resident), , , , , ,Odonata Central,,2015,-87.02477,36.18445
80695216,9312,Phanogomphus sandrius,1,1,1,OdonataCentral,2017,"Abbott, J.C. 2006-2017. OdonataCentral: An online resource for the distribution and identification of Odonata.",Extant (resident), , , , , ,Odonata Central,,2012,-86.75828,35.62181
